Workbook

Sheet Resumen
A1: Indicador | B1: Valor
A2: Casos totales | B2: =COUNTA(Casos!A2:A26) -> 25
A3: Casos de API | B3: =COUNTIF(Casos!C2:C26,"API") -> 19
A4: Casos móviles | B4: =COUNTIF(Casos!C2:C26,"Móvil") -> 6
A5: Prioridad alta | B5: =COUNTIF(Casos!F2:F26,"Alta") -> 21
A6: Prioridad media | B6: =COUNTIF(Casos!F2:F26,"Media") -> 4
A7: Smoke de liberación | B7: =COUNTIF(Casos!H2:H26,"Sí") -> 7
A9: Estado de ejecución (E4)
A10: Pasó | B10: =COUNTIF(Casos!N2:N26,"Pasó") -> 0
A11: Falló | B11: =COUNTIF(Casos!N2:N26,"Falló") -> 0
A12: Bloqueado | B12: =COUNTIF(Casos!N2:N26,"Bloqueado") -> 0
A13: Pendiente | B13: =COUNTIF(Casos!N2:N26,"Pendiente") -> 25
A14: Avance de ejecución | B14: =IFERROR((B10+B11+B12)/B2,0) -> 0

Sheet Casos
A1: ID | B1: Título | C1: Canal | D1: CA / Regla | E1: Riesgo E1 | F1: Prioridad | G1: Técnica de diseño | H1: Smoke | I1: Precondiciones | J1: Datos de prueba | K1: Pasos | L1: Resultado esperado | M1: Supuesto E1 | N1: Estado | O1: Defecto | P1: Evidencia
A2: TC-01 | B2: Alta completa sin código (camino feliz) | C2: API | D2: CA-02, CA-05, CA-06 | E2: A-15 | F2: Alta | G2: Partición de equivalencia (clase válida) | H2: Sí | I2: Ambiente reiniciado. Comercio con función activa. | J2: tok_app_norte; X-Device-Id único; escenario approved; persona al azar; datos de negocio válidos; Idempotency-Key nueva | K2: 1. POST /v1/identity/sessions 2. POST /v1/_sandbox/sessions/{providerSessionId}/complete con approved 3. GET /v1/identity/verifications/{id} hasta estado final 4. Crear alta con endpoint de alta 5. GET /v1/identity/verifications/{id} | L2: Paso 3: APPROVED con CUI (13 dígitos), nombres, apellidos, fecha de nacimiento, vencimiento, sexo y nacionalidad. Paso 4: alta creada; código generado y consumido. Paso 5: CONSUMED. Base: 1 alta, 1 código consumido del comercio y canal correctos. Respuestas conformes al contrato. | M2: A-15 | N2: Pendiente
A3: TC-02 | B3: Función disponible solo en comercios activos con proveedor soportado | C3: API | D3: CA-01, Regla 3 | E3: A-03 | F3: Alta | G3: Tabla de decisión | H3: Sí | I3: Ambiente reiniciado. | J3: tok_app_norte (activa, idv-sandbox), tok_app_sur (inactiva), tok_app_oeste (idv-legacy), tok_app_este (activa) | K3: 1. POST /v1/identity/sessions con cada token 2. Si hay endpoint de configuración, consultarlo con cada token | L3: M-NORTE y M-ESTE: sesión creada. M-SUR y M-OESTE: rechazo con error de negocio, sin crear sesión ni registro en la base. Ninguna respuesta expone datos del proveedor. | M3: A-03 | N3: Pendiente
A4: TC-03 | B4: Umbral del comercio por encima del criterio del proveedor (0.72) | C4: API | D4: CA-03 | E4: A-02 | F4: Alta | G4: Partición de equivalencia (clase inválida) | H4: Sí | I4: Comercio exige coincidencia facial (0.80). | J4: tok_app_norte; escenario face_borderline | K4: 1. POST /v1/identity/sessions 2. POST /v1/_sandbox/sessions/{providerSessionId}/complete con face_borderline 3. GET /v1/identity/verifications/{id} 4. Intentar crear el alta | L4: Paso 3: REJECTED con motivo de coincidencia facial baja, aunque el proveedor aprobó. Paso 4: alta rechazada. Base: sin alta. | M4: A-02 | N4: Pendiente
A5: TC-04 | B5: Valores límite del puntaje facial (0.79 / 0.80 / 0.81) | C5: API | D5: CA-03 | E5: A-02 | F5: Alta | G5: Valores límite | H5: No | I5: Secreto de firma de QA disponible. | J5: 3 sesiones de tok_app_norte; webhooks propios firmados con HMAC-SHA256 y puntajes 0.79, 0.80 y 0.81 | K5: 1. Crear 3 sesiones con POST /v1/identity/sessions 2. Enviar a POST /v1/webhooks/idv el webhook de aprobación con cada puntaje 3. GET /v1/identity/verifications/{id} de cada una | L5: 0.79: REJECTED. 0.80: APPROVED. 0.81: APPROVED. | M5: A-02 (0.80 exacto aprueba; ≥) | N5: Pendiente
A6: TC-05 | B6: Rechazos del proveedor con motivo específico y recaptura | C6: API | D6: CA-02, CA-03, Regla 6, Regla 8 | E6: A-11, A-13 | F6: Alta | G6: Partición de equivalencia | H6: No | I6: Ambiente reiniciado. | J6: tok_app_norte; escenarios document_expired, document_unreadable, liveness_failed, face_mismatch; un X-Device-Id por escenario | K6: 1. Por cada escenario: POST /v1/identity/sessions y POST /v1/_sandbox/sessions/{providerSessionId}/complete 2. GET /v1/identity/verifications/{id} 3. Crear una sesión nueva con el mismo dispositivo (recaptura) | L6: Paso 2: REJECTED con un motivo distinto por escenario (vencido, ilegible, prueba de vida, rostro). El mensaje no contiene el CUI. Paso 3: sesión nueva permitida y el contador de intentos aumenta. | M6: A-11 (la recaptura consume un intento) | N6: Pendiente
A7: TC-06 | B7: Gate en el servidor: alta con verificación no aprobada | C7: API | D7: CA-06 | E7: A-04 | F7: Alta | G7: Tabla de decisión | H7: Sí | I7: Verificaciones en PENDING, DOCUMENT_OK, REJECTED y MANUAL_REVIEW. | J7: tok_app_norte; escenarios: ninguno (PENDING), document_only, face_mismatch, needs_review | K7: 1. Preparar una verificación en cada estado 2. Llamar a endpoint de alta con cada una, sin pasar por la app | L7: Las 4 llamadas se rechazan con un error de negocio. No se crea alta ni código en la base. El estado de la verificación no cambia. | N7: Pendiente
A8: TC-07 | B8: Vencimiento de la aprobación a los 30 minutos | C8: API | D8: CA-06, Estados | E8: A-04 | F8: Alta | G8: Valores límite | H8: No | I8: El reloj solo avanza: preparar las 3 verificaciones antes de mover el reloj. | J8: 3 verificaciones aprobadas al mismo tiempo (V1, V2, V3); /v1/_sandbox/clock | K8: 1. Aprobar V1, V2 y V3 2. Adelantar 29 min y crear el alta con V1 3. Adelantar 1 min (30) y crear el alta con V2 4. Adelantar 1 min (31): GET /v1/identity/verifications/{id} de V3 y luego crear el alta con V3 | L8: V1: alta creada. V2: alta creada (30:00 sigue siendo válida). V3: GET muestra EXPIRED y el alta se rechaza. | M8: A-04 (válida hasta 30:00 inclusive) | N8: Pendiente
A9: TC-08 | B9: Verificación ya consumida no sirve para otra alta | C9: API | D9: CA-06, Estados | E9: A-06 | F9: Alta | G9: Transición de estados | H9: No | I9: Verificación en CONSUMED (de TC-01). | J9: tok_app_norte; verificationId consumido; Idempotency-Key distinta | K9: 1. Llamar a endpoint de alta (según contrato) con la misma verificación y otra Idempotency-Key | L9: Rechazo (verificación ya usada). Base: sigue existiendo 1 sola alta. | N9: Pendiente
A10: TC-09 | B10: Idempotencia: reintento con la misma llave | C10: API | D10: CA-10 | E10: A-09 | F10: Alta | G10: Partición de equivalencia | H10: Sí | I10: Verificación APPROVED. | J10: tok_app_norte; Idempotency-Key K1 | K10: 1. endpoint de alta (según contrato) con K1 2. Repetir la misma llamada con K1 3. Repetir con K1 y otro body 4. Llamar sin Idempotency-Key | L10: Pasos 1 y 2: misma respuesta y mismo id de alta. Paso 3: error (llave reutilizada con otro body). Paso 4: error si el contrato marca la llave como obligatoria. Base: 1 alta. | M10: A-09 | N10: Pendiente
A11: TC-10 | B11: Concurrencia: reintentos y altas simultáneas | C11: API | D11: CA-10, CA-06 | E11: A-09 | F11: Alta | G11: Concurrencia | H11: No | I11: Dos verificaciones APPROVED (VA, VB). | J11: tok_app_norte; 10 llamadas en paralelo | K11: 1. 10 llamadas simultáneas a endpoint de alta (según contrato) con VA y la misma llave 2. 10 llamadas simultáneas con VB y llaves distintas | L11: Paso 1: todas las respuestas apuntan a la misma alta. Paso 2: solo una tiene éxito; el resto se rechaza. Base: exactamente 1 alta por verificación. | M11: A-09 | N11: Pendiente
A12: TC-11 | B12: Mismo DPI en dos comercios y dos veces en el mismo | C12: API | D12: CA-07 | E12: A-06 | F12: Alta | G12: Tabla de decisión | H12: No | I12: Ambiente reiniciado. | J12: Persona fija document: A; tok_app_norte y tok_app_este | K12: 1. Flujo completo con A en M-NORTE 2. Flujo completo con A en M-ESTE 3. Flujo completo con A de nuevo en M-NORTE | L12: Pasos 1 y 2: dos altas distintas. Paso 3: se devuelve la misma alta del paso 1, sin cambiar sus datos; la verificación queda CONSUMED; no se crea otra alta. Base: 2 altas para el CUI de A. | M12: A-06 | N12: Pendiente
A13: TC-12 | B13: Límite de 3 intentos por dispositivo y comercio en 24 h | C13: API | D13: CA-08 | E13: A-07, A-11 | F13: Alta | G13: Valores límite | H13: No | I13: Ambiente reiniciado. | J13: tok_app_norte; X-Device-Id D1; tok_app_este con D1; /v1/_sandbox/clock | K13: 1. 3 sesiones con D1 en M-NORTE 2. 4.ª sesión con D1 en M-NORTE 3. Sesión con D1 en M-ESTE 4. Adelantar el reloj 24 h + 1 min y crear una sesión con D1 en M-NORTE 5. 4 sesiones simultáneas con D2 | L13: Paso 1: permitidas. Paso 2: rechazo indicando que se agotaron los intentos y ofreciendo soporte. Paso 3: permitida (otro comercio). Paso 4: permitida. Paso 5: como máximo 3 creadas. | M13: A-07 (ventana móvil de 24 h) | N13: Pendiente
A14: TC-13 | B14: Revisión manual según configuración del comercio | C14: API | D14: CA-09 | E14: A-10 | F14: Alta | G14: Tabla de decisión | H14: No | I14: Ambiente reiniciado. | J14: tok_app_norte y tok_app_este; escenario needs_review; tok_ops_norte | K14: 1. needs_review en M-NORTE 2. needs_review en M-ESTE 3. Resolver la del paso 1 con tok_app_norte 4. Aprobarla con tok_ops_norte 5. Crear el alta | L14: Paso 1: MANUAL_REVIEW. Paso 2: REJECTED con opción de soporte. Paso 3: rechazo (sin permiso). Paso 4: APPROVED. Paso 5: alta creada. | M14: A-10 | N14: Pendiente
A15: TC-14 | B15: Transiciones no permitidas y webhooks repetidos | C15: API | D15: Estados, CA-09 | E15: A-05, A-12 | F15: Alta | G15: Transición de estados | H15: No | I15: Verificaciones en REJECTED, CONSUMED, CANCELLED, EXPIRED y MANUAL_REVIEW. | J15: Webhooks propios firmados de aprobación; escenario document_only | K15: 1. Enviar a POST /v1/webhooks/idv una aprobación para cada estado final 2. Enviar una aprobación por webhook para MANUAL_REVIEW 3. Enviar el mismo webhook de aprobación 2 veces a una PENDING 4. document_only y luego GET /v1/identity/verifications/{id} | L15: Pasos 1 y 2: el estado no cambia (MANUAL_REVIEW solo lo resuelve operaciones). Paso 3: una sola transición; la ventana de 30 min no se reinicia. Paso 4: DOCUMENT_OK o CANCELLED, nunca APPROVED. | M15: A-05, A-12 | N15: Pendiente
A16: TC-15 | B16: Firma del webhook | C16: API | D16: Regla 2 | E16: A-05 | F16: Alta | G16: Partición de equivalencia (clases inválidas) | H16: Sí | I16: Sesión en PENDING. | J16: Webhook de aprobación: sin firma, firmado con otro secreto, cuerpo modificado después de firmar, firma válida | K16: 1. Enviar a POST /v1/webhooks/idv cada variante 2. GET /v1/identity/verifications/{id} después de cada una | L16: Inválidas: 401, sin cambio de estado. Válida: se aplica. Las respuestas no revelan el secreto. | M16: A-05 | N16: Pendiente
A17: TC-16 | B17: Aislamiento entre comercios y datos resueltos por el servidor | C17: API | D17: Regla 3, CA-07 | E17: A-01, A-03 | F17: Alta | G17: Partición de equivalencia | H17: No | I17: Verificación APPROVED de M-NORTE. | J17: tok_app_este; body con merchantId, channel, CUI y nombres ajenos | K17: 1. GET /v1/identity/verifications/{id} de una verificación de M-NORTE con tok_app_este 2. Crear el alta en M-ESTE con la verificación de M-NORTE 3. Crear el alta en M-NORTE enviando merchantId, channel y datos de persona en el body | L17: Paso 1: 404 o 403, sin datos. Paso 2: rechazo. Paso 3: el servidor ignora esos campos o rechaza; el alta queda con el comercio, canal (alfa) y persona del DPI. | M17: A-01 (datos no editables) | N17: Pendiente
A18: TC-17 | B18: Privacidad de datos personales y secretos | C18: API | D18: Regla 2, Regla 4, Regla 8 | E18: A-08 | F18: Alta | G18: Revisión de respuestas (checklist) | H18: No | I18: Ejecutados los casos anteriores. | J18: Respuestas guardadas de todos los casos; qa.db | K18: 1. Buscar el CUI y sus fragmentos en todas las respuestas de error 2. Buscar secretos o credenciales del proveedor en todas las respuestas 3. Revisar en la base cómo se guardan las imágenes y si hay URLs públicas | L18: El CUI no aparece en ningún error. No hay secretos en las respuestas. Las imágenes tienen almacenamiento privado y acceso temporal. | M18: A-08 | N18: Pendiente
A19: TC-18 | B19: Validación de los datos del negocio | C19: API | D19: CA-04 | E19: A-14 | F19: Media | G19: Partición de equivalencia y valores límite | H19: No | I19: Verificación APPROVED. | J19: Campos del contrato: vacíos, longitud mínima y máxima ±1, formato inválido | K19: 1. Llamar a endpoint de alta (según contrato) con cada variante inválida 2. Llamar con datos válidos | L19: Inválidos: 400/422 con el campo identificado y sin consumir la verificación. Válidos: alta creada. | M19: A-14 | N19: Pendiente
A20: TC-19 | B20: Regresión: alta con código de invitación | C20: API | D20: Regla 1 | F20: Media | G20: Regresión | H20: No | I20: Código de invitación válido (si el contrato expone el flujo). | J20: tok_app_norte y tok_app_sur | K20: 1. Alta con código en M-NORTE 2. Alta con código en M-SUR (función inactiva) | L20: Ambas funcionan como antes de la HU. | N20: Pendiente
A21: TC-M01 | B21: Opción "No tengo código" y aviso de privacidad | C21: Móvil | D21: CA-01, Flujo 1 | E21: A-03 | F21: Alta | G21: Tabla de decisión | H21: Sí | I21: App instalada; usuarios de los 4 comercios. | J21: M-NORTE, M-SUR, M-OESTE, M-ESTE | K21: 1. Llegar al paso del código con cada comercio 2. En M-NORTE elegir "No tengo código" | L21: M-NORTE y M-ESTE: opción visible. M-SUR y M-OESTE: no se muestra la opción ni ningún error. Paso 2: aviso de DPI, selfie y almacenamiento privado antes de abrir la cámara. | N21: Pendiente
A22: TC-M02 | B22: Permisos de cámara | C22: Móvil | D22: Flujo 2 | F22: Alta | G22: Partición de equivalencia | H22: No | I22: Android e iOS. | J22: Permiso: concedido, denegado una vez, denegado permanentemente, revocado desde ajustes durante la captura | K22: 1. Iniciar la captura con cada estado del permiso 2. Volver a la app tras cambiar el permiso | L22: Concedido: abre la captura. Denegado: explica por qué se necesita y permite reintentar o ir a ajustes; no crea intentos extra. Revocado: la app no se cierra y permite retomar o reiniciar. | N22: Pendiente
A23: TC-M03 | B23: Red inestable durante la captura, la consulta y la confirmación | C23: Móvil | D23: Flujo 4, CA-10 | E23: A-09 | F23: Alta | G23: Partición de equivalencia | H23: No | I23: Proxy o herramienta para simular red (por ejemplo Network Link Conditioner). | J23: Sin red, 3G lenta, pérdida intermitente | K23: 1. Iniciar sin red 2. Cortar la red durante la captura 3. Cortar la red durante la consulta del estado 4. Cortar la red justo al confirmar y reintentar | L23: Mensajes claros y reintento en cada caso. La consulta se reanuda hasta un estado final. Paso 4: el reintento usa la misma Idempotency-Key; se crea una sola alta. | M23: A-09 | N23: Pendiente
A24: TC-M04 | B24: Segundo plano, interrupciones y abandono | C24: Móvil | D24: Regla 7, Estados | E24: A-10, A-12 | F24: Media | G24: Transición de estados | H24: No | I24: Sesión en curso. | J24: Llamada entrante, bloqueo de pantalla, cambio de app, cierre de la app por el sistema | K24: 1. Interrumpir durante la captura del DPI 2. Interrumpir durante la selfie 3. Interrumpir en la pantalla de confirmación 4. Cerrar la app y volver a abrirla | L24: Pasos 1 a 3: se retoma o se informa sin perder la coherencia del estado. Paso 4: el usuario vuelve a empezar (Regla 7); la sesión anterior queda CANCELLED. | M24: A-12 | N24: Pendiente
A25: TC-M05 | B25: Datos precargados, botón continuar y mensajes de rechazo | C25: Móvil | D25: CA-04, CA-08, Regla 5, Regla 6, Regla 8 | E25: A-01 | F25: Alta | G25: Tabla de decisión | H25: No | I25: Verificación APPROVED; otra REJECTED; dispositivo con intentos agotados. | J25: Datos de negocio válidos e inválidos | K25: 1. Revisar la pantalla de datos del DPI 2. Llenar los datos del negocio con valores inválidos y luego válidos 3. Revisar la confirmación 4. Provocar un rechazo 5. Agotar los intentos | L25: Paso 1: datos precargados y no editables (según A-01). Paso 2: continuar se habilita solo con datos válidos. Paso 3: CUI completo. Paso 4: opción de soporte desde el primer rechazo, sin el CUI en el mensaje. Paso 5: mensaje de intentos agotados con soporte. | M25: A-01 | N25: Pendiente
A26: TC-M06 | B26: Matriz de dispositivos y condiciones de captura | C26: Móvil | D26: CA-02, CA-03 | F26: Media | G26: Pairwise (combinatoria por pares) | H26: No | I26: Dispositivos físicos disponibles. | J26: Android gama baja (2–3 GB RAM) y alta; iOS antiguo y actual; poca luz; reflejos en el DPI; rotación | K26: 1. Ejecutar TC-01 (desde la app) en cada combinación de la matriz | L26: La captura funciona en todos los dispositivos soportados, sin cierres; los tiempos son aceptables y los rechazos por calidad permiten recapturar. | N26: Pendiente

Sheet Trazabilidad
A1: Caso | B1: CA-01 | C1: CA-02 | D1: CA-03 | E1: CA-04 | F1: CA-05 | G1: CA-06 | H1: CA-07 | I1: CA-08 | J1: CA-09 | K1: CA-10 | L1: Regla 1 | M1: Regla 2 | N1: Regla 3 | O1: Regla 4 | P1: Regla 5 | Q1: Regla 6 | R1: Regla 7 | S1: Regla 8 | T1: Estados
A2: TC-01 | C2: X | F2: X | G2: X
A3: TC-02 | B3: X | N3: X
A4: TC-03 | D4: X
A5: TC-04 | D5: X
A6: TC-05 | C6: X | D6: X | Q6: X | S6: X
A7: TC-06 | G7: X
A8: TC-07 | G8: X | T8: X
A9: TC-08 | G9: X | T9: X
A10: TC-09 | K10: X
A11: TC-10 | G11: X | K11: X
A12: TC-11 | H12: X
A13: TC-12 | I13: X
A14: TC-13 | J14: X
A15: TC-14 | J15: X | T15: X
A16: TC-15 | M16: X
A17: TC-16 | H17: X | N17: X
A18: TC-17 | M18: X | O18: X | S18: X
A19: TC-18 | E19: X
A20: TC-19 | L20: X
A21: TC-M01 | B21: X
A22: TC-M02
A23: TC-M03 | K23: X
A24: TC-M04 | R24: X | T24: X
A25: TC-M05 | E25: X | I25: X | P25: X | Q25: X | S25: X
A26: TC-M06 | C26: X | D26: X
A27: Total | B27: =COUNTIF(B2:B26,"X") -> 2 | C27: =COUNTIF(C2:C26,"X") -> 3 | D27: =COUNTIF(D2:D26,"X") -> 4 | E27: =COUNTIF(E2:E26,"X") -> 2 | F27: =COUNTIF(F2:F26,"X") -> 1 | G27: =COUNTIF(G2:G26,"X") -> 5 | H27: =COUNTIF(H2:H26,"X") -> 2 | I27: =COUNTIF(I2:I26,"X") -> 2 | ... T27: =COUNTIF(T2:T26,"X") -> 4
A29: Una celda roja en Total = requisito sin cobertura. Fuente: columna "CA / Regla" de la hoja Casos.

Sheet Leyenda
A1: Elemento | B1: Significado
A2: Qué editar | B2: Durante el E4 solo se llenan las columnas Estado (lista), Defecto (ID, p. ej. D-03) y Evidencia (archivo o enlace) de la hoja Casos.
A3: Prioridad Alta | B3: Cubre un riesgo alto del E1 (fraude, altas indebidas o duplicadas, cruce entre comercios, privacidad) o el flujo principal.
A4: Prioridad Media | B4: Experiencia de usuario o validaciones con salida posible.
A5: Smoke = Sí | B5: Forma parte del smoke de liberación: 7 casos rápidos que deben pasar antes de cualquier otra prueba y antes de liberar. En el E5 se ejecuta por separado.
A6: Partición de equivalencia | B6: Un representante por cada clase válida o inválida de entrada.
A7: Valores límite | B7: Valores justo en, debajo y encima del límite (0.79/0.80/0.81; 29/30/31 min; 3.º/4.º intento).
A8: Tabla de decisión | B8: Combinaciones de condiciones del comercio o del estado y la acción esperada.
A9: Transición de estados | B9: Transiciones permitidas y no permitidas de la máquina de estados de la verificación.
A10: Concurrencia | B10: Llamadas simultáneas para probar idempotencia y contadores.
A11: Pairwise | B11: Combinación por pares para reducir la matriz de dispositivos sin perder cobertura.
A12: Supuesto E1 | B12: El resultado esperado depende de ese supuesto del E1. Si el PO decide otra cosa, el caso y su defecto se revisan.
... A14: Ejemplo de llenado | B14: TC-03 · Estado: Falló · Defecto: D-01 · Evidencia: E4-defectos/evidencia/TC-03.json
